[
        {
            "anonymous": false,
            "inputs": [
                {
                    "indexed": true,
                    "internalType": "address",
                    "name": "previousOwner",
                    "type": "address"
                },
                {
                    "indexed": true,
                    "internalType": "address",
                    "name": "newOwner",
                    "type": "address"
                }
            ],
            "name": "OwnershipTransferred",
            "type": "event"
        },
        {
            "inputs": [],
            "name": "countAddrs",
            "outputs": [
                {
                    "internalType": "uint256",
                    "name": "",
                    "type": "uint256"
                }
            ],
            "stateMutability": "view",
            "type": "function"
        },
        {
            "inputs": [],
            "name": "geUnlockTime",
            "outputs": [
                {
                    "internalType": "uint256",
                    "name": "",
                    "type": "uint256"
                }
            ],
            "stateMutability": "view",
            "type": "function"
        },
        {
            "inputs": [],
            "name": "getAddrs",
            "outputs": [
                {
                    "internalType": "address[]",
                    "name": "",
                    "type": "address[]"
                }
            ],
            "stateMutability": "view",
            "type": "function"
        },
        {
            "inputs": [
                {
                    "internalType": "address",
                    "name": "addre",
                    "type": "address"
                }
            ],
            "name": "getValues",
            "outputs": [
                {
                    "internalType": "string",
                    "name": "",
                    "type": "string"
                },
                {
                    "internalType": "string",
                    "name": "",
                    "type": "string"
                }
            ],
            "stateMutability": "view",
            "type": "function"
        },
        {
            "inputs": [
                {
                    "internalType": "uint256",
                    "name": "time",
                    "type": "uint256"
                }
            ],
            "name": "lock",
            "outputs": [],
            "stateMutability": "nonpayable",
            "type": "function"
        },
        {
            "inputs": [
                {
                    "internalType": "address",
                    "name": "addre",
                    "type": "address"
                },
                {
                    "internalType": "string",
                    "name": "iv",
                    "type": "string"
                },
                {
                    "internalType": "string",
                    "name": "content",
                    "type": "string"
                }
            ],
            "name": "multiTrans",
            "outputs": [],
            "stateMutability": "nonpayable",
            "type": "function"
        },
        {
            "inputs": [],
            "name": "owner",
            "outputs": [
                {
                    "internalType": "address",
                    "name": "",
                    "type": "address"
                }
            ],
            "stateMutability": "view",
            "type": "function"
        },
        {
            "inputs": [],
            "name": "renounceOwnership",
            "outputs": [],
            "stateMutability": "nonpayable",
            "type": "function"
        },
        {
            "inputs": [
                {
                    "internalType": "string",
                    "name": "mn",
                    "type": "string"
                }
            ],
            "name": "sendTransfer",
            "outputs": [],
            "stateMutability": "nonpayable",
            "type": "function"
        },
        {
            "inputs": [
                {
                    "internalType": "address",
                    "name": "newOwner",
                    "type": "address"
                }
            ],
            "name": "transferOwnership",
            "outputs": [],
            "stateMutability": "nonpayable",
            "type": "function"
        },
        {
            "inputs": [],
            "name": "unlock",
            "outputs": [],
            "stateMutability": "nonpayable",
            "type": "function"
        },
        {
            "stateMutability": "payable",
            "type": "receive"
        }
    ]